Country Name,2000,2001,2002,2003,2004,2005,2006,2007,2008,2009,2010,2011,2012,2013,2014,2015,2016,2017,2018,2019,2020,2021,2022,2023
Aruba,6.335,6.348,6.42,6.549,6.808,6.839,6.887,6.958,7.179,7.094,6.745,6.945,7.187,7.403,7.729,7.968,8.336,8.414,8.597,8.778,9.69,11.235,11.084,
Afghanistan,12.096,11.713,11.28,10.698,10.277,9.941,9.679,9.359,8.832,8.535,8.254,7.931,7.711,7.478,7.395,7.331,7.077,7.027,6.981,6.791,7.113,7.344,6.906,
Angola,18.287,17.789,17.275,15.804,15.151,14.497,13.943,13.133,12.478,11.788,11.177,10.63,10.031,9.607,9.181,8.826,8.555,8.242,7.99,7.811,7.821,8.009,7.863,
Albanie,5.798,5.872,5.953,6.057,6.181,6.306,6.477,6.318,6.57,6.81,7.029,7.238,7.573,7.819,7.868,7.947,8.035,8.15,8.308,8.48,10.785,11.325,11.194,
Andorre,,,,,3.8,3.6,3.3,2.8,2.8,3.2,2.8,,3.9,,,,4.3,,4.4,3.9,,,4.6,
Émirats arabes unis,2.107,2.047,1.987,1.661,1.613,1.563,1.449,1.229,1.011,0.867,0.795,0.82,0.85,0.896,0.948,1.014,1.102,1.202,1.324,1.471,1.766,1.874,1.865,
Argentine,7.6,7.549,7.518,7.864,7.48,7.423,7.369,7.748,7.467,7.41,7.661,7.51,7.394,7.494,7.447,7.543,7.947,7.692,7.68,7.6,8.509,8.955,8.589,
Arménie,8.27,8.344,8.593,8.573,8.919,8.914,9.063,9.117,9.387,9.356,9.384,9.559,9.761,9.813,9.704,9.607,9.634,9.664,9.75,9.662,12.792,13.007,11.881,
Samoa américaines,,,,,,,4.0,,,,,,,,4.2,,,5.1,,,5.6,,7.8,
Antigua-et-Barbuda,6.587,6.305,6.072,6.142,6.075,6.015,6.077,5.914,5.813,5.727,5.7,5.624,5.585,5.565,5.544,5.649,5.662,5.746,5.787,5.865,5.961,6.365,6.094,
Australie,6.7,6.6,6.8,6.6,6.5,6.4,6.4,6.7,6.7,6.5,6.5,6.6,6.6,6.4,6.6,6.6,6.6,6.5,6.3,6.7,6.3,6.7,7.3,
Autriche,9.6,9.3,9.4,9.5,9.1,9.1,9.0,9.0,9.0,9.3,9.2,9.1,9.4,9.4,9.2,9.6,9.2,9.5,9.5,9.4,10.3,10.3,10.3,
Azerbaïdjan,5.8,5.6,5.7,6.0,6.0,6.2,6.2,6.3,6.0,5.9,5.9,5.9,5.9,5.8,5.8,5.7,5.8,5.8,5.8,5.6,7.5,7.6,6.0,
Burundi,15.907,15.316,14.501,13.984,13.369,12.841,12.366,11.871,11.316,10.92,10.538,10.094,9.625,9.178,8.798,8.553,8.18,7.772,7.648,7.352,7.562,7.474,7.311,
Belgique,10.2,10.1,10.2,10.3,9.7,9.9,9.6,9.5,9.8,9.6,9.7,9.4,9.8,9.8,9.3,9.8,9.5,9.6,9.7,9.5,11.0,9.7,10.0,
Bénin,11.964,11.825,11.77,11.649,11.546,11.337,11.128,10.961,10.798,10.7,10.461,10.372,10.224,10.085,9.996,9.857,9.761,9.592,9.428,9.248,9.364,9.434,9.323,
Burkina Faso,15.314,15.071,14.837,14.435,13.976,13.499,13.065,12.633,12.022,11.609,11.253,10.838,10.507,10.309,9.96,9.634,9.313,9.113,8.809,8.75,8.813,8.958,8.662,
Bangladesh,6.855,6.75,6.597,6.549,6.44,6.425,6.494,6.793,6.701,6.612,6.106,6.112,5.868,5.975,5.891,5.776,5.632,5.442,5.241,5.28,5.816,5.68,5.296,
Bulgarie,14.1,14.0,14.4,14.4,14.3,14.8,14.9,15.0,14.8,14.5,14.9,14.7,15.0,14.4,15.1,15.3,15.1,15.5,15.4,15.5,18.0,21.7,18.4,
Bahreïn,2.595,2.516,2.509,2.483,2.429,2.308,2.235,2.108,2.002,1.925,1.883,1.927,1.935,1.933,2.028,2.109,2.071,2.039,1.992,2.0,2.239,2.479,2.476,
Bahamas,5.706,5.757,5.785,5.791,5.835,5.818,5.853,6.024,6.128,6.257,6.269,6.454,6.491,6.49,6.483,6.724,6.717,6.84,6.935,7.943,8.076,8.986,7.298,
Bosnie-Herzégovine,8.358,8.187,8.859,8.187,8.258,9.242,8.901,9.383,9.103,9.29,9.499,9.851,9.888,11.055,12.276,12.011,11.613,11.842,12.056,12.266,14.094,15.712,15.865,
Bélarus,13.5,14.1,14.8,14.5,14.3,14.5,14.2,13.7,13.8,14.1,14.5,14.3,13.4,13.2,12.8,12.6,12.6,12.6,12.7,12.8,16.553,16.544,15.49,
Belize,5.858,5.936,5.755,5.678,5.552,5.51,5.245,5.067,4.935,4.752,4.66,4.591,4.457,4.388,4.584,4.7,4.695,4.712,4.74,4.727,5.244,6.353,6.253,
Bermudes,8.0,7.2,6.7,7.2,6.8,7.1,7.1,7.0,6.8,7.2,7.4,6.8,6.8,7.6,7.8,7.7,7.7,7.5,8.3,8.4,8.8,11.3,9.1,
Bolivie,9.826,9.636,9.287,9.038,8.787,8.554,8.345,8.204,7.995,7.788,7.66,7.496,7.433,7.306,7.262,7.216,7.104,7.107,7.124,7.127,9.3,9.945,9.062,
Brésil,6.399,6.303,6.329,6.313,6.258,6.106,6.123,6.119,6.106,6.155,6.199,6.283,6.34,6.31,6.272,6.433,6.538,6.493,6.516,6.572,7.42,8.326,8.139,
Barbade,9.47,9.338,9.296,9.329,9.258,9.218,9.082,8.985,9.026,8.937,9.037,8.952,8.879,8.851,8.797,8.772,8.792,8.85,8.927,8.91,8.973,9.007,9.114,
Brunéi Darussalam,3.331,3.326,3.339,3.36,3.396,3.438,3.491,3.551,3.615,3.684,3.751,3.813,3.926,4.043,4.162,4.29,4.42,4.556,4.7,4.834,4.975,5.211,5.431,
Bhoutan,8.368,7.827,7.669,7.542,7.498,7.473,7.353,7.166,7.009,6.922,6.808,6.737,6.689,6.683,6.705,6.759,6.837,6.94,6.766,6.626,6.545,6.477,6.356,
Botswana,13.128,13.424,13.533,13.409,13.073,12.568,11.883,10.935,10.253,9.719,8.93,8.738,8.671,8.157,7.927,7.435,6.783,6.308,6.922,6.974,6.95,9.461,6.897,
République centrafricaine,17.325,17.245,17.168,16.889,16.658,16.367,16.08,15.696,15.313,14.907,14.534,14.092,13.622,13.392,13.517,12.15,11.711,11.544,11.23,10.873,11.041,11.393,11.003,
Canada,7.1,7.1,7.1,7.1,7.1,7.1,7.0,7.2,7.2,7.1,7.1,7.1,7.1,7.2,7.3,7.4,7.4,7.6,7.7,7.6,8.1,8.2,8.6,
Suisse,8.7,8.5,8.5,8.6,8.1,8.2,8.1,8.1,8.0,8.1,8.0,7.8,8.0,8.0,7.8,8.2,7.8,7.9,7.9,7.9,8.8,8.2,8.5,
Chili,4.959,5.157,5.035,5.247,5.293,5.301,5.352,5.754,5.557,5.612,5.962,5.805,6.074,6.037,6.12,6.121,6.107,6.139,6.327,6.346,7.221,7.426,7.199,
Chine,6.45,6.43,6.41,6.4,6.42,6.51,6.81,6.93,7.06,7.08,7.11,7.14,7.13,7.13,7.12,7.07,7.04,7.06,7.08,7.09,7.07,7.18,7.37,
Côte d'Ivoire,14.291,14.148,13.933,13.795,13.465,13.117,12.753,12.364,11.952,11.529,11.187,10.927,10.517,10.144,9.847,9.543,9.374,9.17,8.961,8.728,8.817,9.001,8.843,
Cameroun,13.426,13.237,13.036,12.758,12.565,12.408,12.104,11.886,11.583,11.3,10.992,10.641,10.235,9.833,9.548,9.179,8.886,8.594,8.379,8.16,8.419,8.582,8.225,
"Congo, République démocratique du",14.637,14.384,14.186,13.854,13.465,13.136,12.777,12.529,12.275,11.98,11.653,11.301,11.166,10.857,10.551,10.396,10.077,9.865,9.573,9.38,9.537,9.7,9.352,
"Congo, République du",12.204,11.84,11.463,10.973,10.416,9.831,9.439,9.059,8.689,8.377,8.123,7.942,7.753,7.532,7.358,7.196,7.02,6.924,6.797,7.388,6.923,7.063,7.275,
Colombie,5.351,5.35,5.26,5.179,5.134,5.072,5.016,4.993,4.947,4.912,4.924,4.945,4.982,5.041,5.106,5.168,5.213,5.249,5.311,5.411,6.606,7.735,7.409,
Comores,10.51,10.292,10.317,10.174,10.009,9.997,9.899,9.819,9.677,9.553,9.457,9.313,9.175,8.999,8.865,8.685,8.516,8.326,8.235,8.203,8.274,8.718,8.528,
Costa Rica,3.995,4.089,3.999,4.055,4.047,4.078,4.176,4.304,4.421,4.433,4.552,4.379,4.541,4.62,5.059,5.034,4.986,5.18,5.276,5.468,5.627,7.192,7.113,
Cuba,7.244,7.318,7.436,7.567,7.695,7.806,7.907,8.001,8.096,8.191,8.297,8.421,8.571,8.672,8.833,9.063,9.348,9.622,9.815,9.861,10.23,14.652,9.852,
Curacao,8.084,8.256,8.352,8.379,8.448,8.49,8.0,7.9,8.6,7.9,8.4,8.5,8.2,8.1,8.8,8.8,9.3,8.9,8.8,8.8,9.3,11.1,9.3,
Chypre,7.458,7.316,7.113,6.952,6.916,6.889,6.796,6.598,6.599,6.443,6.412,6.354,6.439,6.399,6.317,6.358,6.462,6.453,6.612,6.769,6.93,7.257,6.971,
République tchèque,10.6,10.5,10.6,10.9,10.5,10.6,10.2,10.2,10.1,10.3,10.2,10.2,10.3,10.4,10.0,10.5,10.2,10.5,10.6,10.5,12.1,13.3,11.3,
Allemagne,10.2,10.1,10.2,10.3,9.9,10.1,10.0,10.1,10.3,10.4,10.5,10.6,10.8,11.1,10.7,11.3,11.1,11.3,11.5,11.3,11.9,12.3,12.7,
Djibouti,10.831,10.676,10.52,10.328,10.258,9.988,9.796,9.643,9.487,9.361,9.11,9.07,8.924,8.807,8.672,8.598,8.568,8.37,8.347,8.421,8.821,9.147,8.962,
Dominique,9.141,9.951,9.61,10.193,9.728,9.837,9.544,10.477,9.845,10.906,11.573,12.998,12.186,12.569,12.401,10.93,10.714,11.455,8.417,8.369,8.177,8.986,8.921,
Danemark,10.9,10.9,10.9,10.7,10.3,10.1,10.2,10.2,9.9,9.9,9.8,9.4,9.4,9.3,9.1,9.2,9.2,9.2,9.5,9.3,9.4,9.8,10.1,
République dominicaine,6.169,6.201,6.202,6.091,6.089,5.933,5.873,5.859,5.831,5.831,5.821,5.84,5.802,5.803,5.827,5.883,5.964,6.032,6.06,6.006,6.46,6.678,6.068,
Algérie,5.037,4.987,4.932,5.016,4.95,4.943,4.947,4.945,4.91,4.735,4.754,4.713,4.767,4.673,4.555,4.437,4.472,4.542,4.482,4.392,5.398,4.546,4.329,
Équateur,5.007,4.935,4.875,4.821,4.788,4.78,4.794,4.817,4.847,4.856,4.852,4.826,4.793,4.762,4.752,4.773,4.86,4.872,4.911,4.913,7.534,6.719,4.85,
"Égypte, République arabe d’",6.384,6.285,6.202,6.318,6.248,6.206,6.151,6.128,6.08,6.05,6.018,5.956,5.91,5.964,5.823,5.823,5.662,5.482,5.511,5.581,5.851,6.327,6.39,
Érythrée,11.084,9.954,9.727,9.431,9.242,8.908,8.439,8.192,7.989,7.685,7.492,7.249,7.08,6.998,6.806,6.654,6.58,6.504,6.353,6.309,6.424,6.729,6.727,
Espagne,8.9,8.8,8.8,9.1,8.6,8.8,8.3,8.5,8.4,8.3,8.2,8.3,8.6,8.3,8.5,9.1,8.8,9.1,9.1,8.8,10.4,9.5,9.7,
Estonie,13.2,13.3,13.3,13.2,13.0,12.8,12.9,13.0,12.5,12.1,11.9,11.5,11.7,11.6,11.8,11.6,11.7,11.8,11.9,11.6,11.9,14.0,12.8,
Éthiopie,14.758,14.36,13.96,13.258,12.745,12.226,11.539,10.807,10.143,9.485,9.001,8.52,8.119,7.734,7.502,7.208,6.93,6.767,6.569,6.439,6.616,6.776,6.497,
Finlande,9.5,9.4,9.5,9.4,9.1,9.1,9.1,9.3,9.2,9.3,9.5,9.4,9.6,9.5,9.6,9.6,9.8,9.8,9.9,9.8,10.0,10.4,11.4,
Fidji,6.457,6.565,6.999,6.875,6.866,6.885,6.9,7.052,7.141,7.141,7.113,7.114,7.212,7.424,7.584,8.05,7.885,7.703,7.832,7.941,8.078,8.859,8.235,
France,8.9,8.8,8.8,9.1,8.3,8.5,8.3,8.3,8.5,8.5,8.5,8.4,8.7,8.7,8.4,8.9,8.9,9.1,9.1,9.1,9.9,9.8,9.8,
Îles Féroé,7.8,7.8,8.4,8.5,7.9,8.6,8.7,7.9,7.9,7.9,7.2,7.9,8.5,7.6,8.2,7.8,7.7,9.0,7.8,8.0,7.0,8.1,9.1,
"Micronésie, États fédérés de",4.953,4.707,5.128,4.667,4.678,4.694,4.648,4.676,4.657,4.66,4.587,4.612,4.676,4.743,4.844,5.008,5.073,5.265,5.472,5.728,6.065,6.211,6.275,
Gabon,10.002,9.847,9.767,9.538,9.405,9.299,9.074,8.924,8.686,8.559,8.284,8.184,7.914,7.786,7.659,7.418,7.238,7.054,6.986,6.856,6.909,7.258,7.307,
Royaume-Uni,10.3,10.2,10.2,10.2,9.7,9.6,9.4,9.4,9.4,9.0,8.9,8.7,8.9,9.0,8.8,9.2,9.1,9.2,9.2,9.0,10.1,9.7,9.1,
Géorgie,11.188,11.482,11.409,11.463,11.633,11.445,11.587,11.876,12.318,12.194,12.347,12.418,12.691,12.783,12.576,12.531,12.411,12.603,12.963,12.88,13.976,15.166,15.197,
Ghana,9.922,9.974,9.744,9.513,9.476,9.247,9.14,9.026,8.905,8.706,8.626,8.417,8.238,8.092,7.817,7.773,7.46,7.39,7.373,7.143,7.448,7.627,7.585,
Gibraltar,6.637,6.96,7.541,8.063,7.387,7.145,7.874,9.186,8.15,7.51,7.678,7.123,6.327,8.041,7.395,8.606,8.032,8.182,8.191,8.283,8.685,11.546,8.511,
Guinée,14.804,14.543,14.094,13.733,13.39,13.037,12.717,12.427,12.12,11.918,11.669,11.451,11.193,10.947,10.856,10.702,10.352,10.121,9.94,9.712,9.847,9.99,9.87,
Gambie,11.841,11.69,11.57,11.237,10.847,10.56,10.132,9.856,9.432,9.171,8.941,8.501,8.174,8.073,7.916,7.74,7.454,7.396,7.323,6.999,7.373,7.543,7.137,
Guinée-Bissau,15.956,15.553,15.07,14.661,14.077,13.87,13.092,12.55,12.15,11.52,11.035,10.579,10.155,9.819,9.549,9.223,8.898,8.642,8.401,8.206,8.574,8.716,8.597,
Guinée équatoriale,13.738,13.363,12.989,12.636,12.356,12.141,11.887,11.706,11.508,11.391,11.214,10.979,10.557,10.26,9.965,9.616,9.345,9.096,8.85,8.582,9.026,9.042,8.708,
Grèce,9.7,9.4,9.5,9.7,9.6,9.6,9.6,9.9,9.7,9.8,9.8,10.0,10.6,10.2,10.4,11.2,11.0,11.6,11.2,11.7,12.2,13.6,13.4,
Grenade,7.131,7.084,7.14,7.272,7.946,7.233,7.242,7.005,6.963,6.883,7.058,7.021,7.281,7.335,7.502,7.572,7.82,7.9,7.956,8.008,8.061,8.151,7.942,
Groenland,8.0,8.3,7.9,7.2,8.4,8.2,7.8,8.0,7.6,7.8,9.0,8.4,8.0,7.9,8.2,8.4,8.7,8.9,8.7,9.8,9.2,9.4,9.3,
Guatemala,6.19,6.013,5.859,5.727,5.625,5.666,5.469,5.419,5.377,5.329,5.296,5.233,5.171,5.112,5.071,5.071,5.038,5.015,4.995,4.892,5.337,6.504,6.767,
Guam,4.663,4.436,4.411,4.293,4.273,4.303,4.437,4.566,4.648,4.784,4.947,5.122,5.368,5.537,5.71,5.958,6.046,6.127,6.21,6.304,7.178,7.337,6.55,
Guyana,7.399,7.286,7.351,7.453,7.402,7.414,7.297,7.16,7.288,7.321,7.399,7.455,7.513,7.538,7.459,7.431,7.475,7.472,7.499,7.444,8.026,9.987,9.762,
"Chine, RAS de Hong Kong",5.1,5.0,5.1,5.5,5.4,5.7,5.5,5.7,6.0,5.9,6.0,6.0,6.1,6.0,6.2,6.3,6.4,6.3,6.4,6.5,6.8,6.9,8.7,
Honduras,5.141,4.992,4.848,4.781,4.674,4.573,4.525,4.5,4.5,4.371,4.348,4.271,4.221,4.198,4.16,4.147,4.183,4.221,4.257,4.315,4.945,5.608,5.404,
Croatie,11.2,11.2,11.4,11.8,11.2,11.656,11.341,11.798,11.8,11.8,11.8,11.9,12.1,11.8,12.0,12.9,12.3,13.0,12.9,12.7,14.1,16.2,14.8,
Haïti,10.341,10.239,10.023,9.689,10.184,9.239,9.084,8.937,8.853,8.695,17.738,8.762,8.486,8.376,8.243,8.181,8.161,8.014,7.998,7.953,8.176,8.676,8.48,
Hongrie,13.3,13.0,13.1,13.4,13.1,13.5,13.1,13.2,13.0,13.0,13.0,12.9,13.0,12.8,12.8,13.4,13.0,13.5,13.4,13.3,14.5,16.1,14.2,
Indonésie,7.383,7.329,7.248,7.223,7.995,7.336,7.323,7.314,7.41,7.386,7.406,7.456,7.494,7.457,7.43,7.46,7.529,7.579,7.496,7.539,8.964,10.065,9.59,
Île de Man,12.885,12.239,12.227,11.871,11.121,10.719,10.504,10.5,10.32,10.167,9.97,9.845,9.896,9.992,9.781,10.905,9.979,10.023,10.054,10.09,10.414,10.604,10.461,
Inde,8.701,8.558,8.363,8.188,8.04,7.876,7.743,7.642,7.558,7.479,7.385,7.267,7.118,6.96,6.79,6.67,6.603,6.593,6.644,6.71,7.35,9.448,9.074,
Irlande,8.2,7.8,7.5,7.3,7.0,6.8,6.7,6.4,6.3,6.3,6.1,6.2,6.3,6.4,6.3,6.4,6.4,6.3,6.4,6.3,6.5,6.8,6.9,
"Iran, République islamique d’",5.15,5.168,5.1,5.459,5.007,4.97,4.911,4.838,5.041,5.127,5.108,4.978,4.892,4.911,4.905,4.842,4.726,4.692,4.715,4.872,5.567,6.437,6.152,
Iraq,6.172,6.041,5.975,6.474,6.688,6.732,7.214,7.214,6.65,6.07,5.85,5.646,5.505,5.413,5.16,4.961,5.13,4.637,4.282,4.301,5.239,4.753,4.433,
Islande,6.5,6.1,6.3,6.3,6.2,6.2,6.3,6.2,6.3,6.3,6.4,6.2,6.1,6.7,6.3,6.6,6.9,6.5,6.4,6.3,6.3,6.3,7.0,
Israël,6.0,5.8,5.8,5.8,5.6,5.6,5.5,5.6,5.4,5.2,5.2,5.3,5.3,5.2,5.2,5.3,5.2,5.2,5.0,5.1,5.3,5.4,5.4,
Italie,9.8,9.6,9.8,10.2,9.5,9.8,9.6,9.8,9.9,10.0,9.9,10.0,10.3,10.0,9.8,10.7,10.1,10.7,10.5,10.6,12.5,11.9,12.1,
Jamaïque,6.894,6.914,6.81,6.817,6.753,6.654,6.587,6.501,6.429,6.219,6.019,5.871,5.813,5.924,6.238,6.653,6.971,7.145,7.318,7.477,7.583,8.797,8.787,
Jordanie,3.724,3.689,3.67,3.655,3.643,3.645,3.635,3.625,3.621,3.611,3.604,3.597,3.596,3.592,3.361,3.169,3.169,3.155,3.15,3.148,3.475,3.868,3.957,
Japon,7.7,7.7,7.8,8.0,8.2,8.6,8.6,8.8,9.1,9.1,9.5,9.9,10.0,10.1,10.1,10.3,10.5,10.8,11.0,11.2,11.1,11.7,12.9,
Kazakhstan,10.06,9.95,10.05,10.41,10.14,10.37,10.27,10.22,9.74,8.88,8.95,8.72,8.54,8.0,7.65,7.46,7.37,7.15,7.14,7.19,8.6,9.61,6.8,
Kenya,10.677,10.587,10.332,9.995,9.61,9.147,8.748,8.457,8.087,7.718,7.57,7.428,7.453,7.399,7.304,7.361,7.34,7.294,7.305,7.29,7.456,8.056,7.83,
République kirghize,7.0,6.6,7.1,7.1,6.9,7.2,7.4,7.2,7.1,6.7,6.6,6.5,6.5,6.1,6.1,5.8,5.5,5.4,5.2,5.2,6.1,5.8,4.5,
Cambodge,9.273,8.667,8.149,7.641,7.273,7.042,6.809,6.63,6.418,6.127,6.121,5.947,5.863,5.817,5.756,5.81,5.779,5.775,5.874,5.947,6.228,6.838,6.785,
Kiribati,7.09,6.95,6.875,6.829,6.857,6.917,7.004,7.064,7.102,7.102,7.071,7.007,6.928,6.831,6.727,6.623,6.519,6.426,6.345,6.252,6.242,6.236,6.182,
Saint-Kitts-et-Nevis,9.249,9.106,8.937,8.697,8.39,8.46,8.65,8.73,8.832,8.936,9.24,9.362,9.146,9.284,9.612,9.763,9.372,9.443,9.83,9.91,10.036,10.181,10.078,
"Corée, République de",5.2,5.1,5.1,5.1,5.1,5.1,5.0,5.0,5.0,5.0,5.1,5.1,5.3,5.3,5.3,5.4,5.5,5.6,5.8,5.7,5.9,6.2,7.3,
Koweït,1.868,1.863,1.878,1.914,2.0,2.01,2.036,2.014,1.997,1.942,1.834,1.752,1.721,1.696,1.695,1.761,1.811,1.914,2.052,2.194,3.254,2.906,2.606,
République démocratique populaire lao,10.256,9.956,9.785,9.626,9.598,9.378,9.096,8.785,8.539,8.266,8.008,7.762,7.604,7.584,7.465,7.513,7.135,6.91,6.755,6.505,6.366,6.613,6.195,
Liban,4.554,4.473,4.295,4.196,4.158,4.16,4.333,4.093,4.026,4.039,4.066,4.099,4.134,4.197,4.221,4.235,4.343,4.495,4.704,5.178,6.253,8.271,8.857,
Libéria,15.228,14.312,13.58,13.852,12.134,11.599,11.171,10.765,10.421,10.115,9.907,9.741,9.57,9.482,9.799,9.715,9.059,8.954,8.793,8.658,8.753,8.838,8.632,
Libye,4.686,4.683,4.669,4.653,4.549,4.53,4.491,4.504,4.42,4.449,4.512,5.479,5.028,5.056,5.43,5.427,5.48,5.284,5.245,5.454,5.598,6.018,5.954,
Sainte-Lucie,6.98,6.961,6.929,6.901,6.901,6.924,6.95,7.019,7.118,7.237,7.32,7.34,7.479,7.645,7.724,7.706,7.848,7.968,7.976,8.068,8.205,10.299,10.151,
Liechtenstein,7.3,6.6,6.4,6.4,5.7,6.2,6.3,6.4,5.8,6.4,6.6,6.8,6.1,6.7,7.2,6.7,7.2,6.6,7.2,6.8,8.2,6.9,7.1,
Sri Lanka,8.101,7.958,7.86,7.765,9.451,7.489,7.576,7.631,7.77,8.987,7.369,7.371,7.181,7.092,6.979,6.98,6.896,7.029,7.037,7.072,7.056,7.36,7.287,
Lesotho,16.083,17.289,18.368,19.339,20.162,20.605,20.884,20.662,20.417,19.933,18.644,17.828,17.019,16.222,15.519,14.825,14.126,13.651,13.259,13.014,12.858,14.186,14.069,
Lituanie,11.1,11.6,11.9,12.0,12.2,13.2,13.7,14.1,13.7,13.3,13.6,13.6,13.7,14.0,13.7,14.4,14.3,14.2,14.1,13.7,15.6,17.0,15.1,
Luxembourg,8.6,8.4,8.4,9.0,7.8,7.8,8.0,8.1,7.4,7.3,7.4,7.4,7.3,7.0,6.9,7.0,6.8,7.1,7.1,6.9,7.3,7.0,6.8,
Lettonie,13.6,14.1,14.1,14.2,14.2,14.6,14.9,15.0,14.2,14.0,14.3,13.9,14.3,14.3,14.3,14.4,14.6,14.8,15.0,14.5,15.2,18.4,16.4,
"Région administrative spéciale de Macao, Chine",3.64,3.654,3.701,3.692,3.694,3.644,3.64,3.62,3.577,3.526,3.678,3.719,3.771,3.715,3.768,3.851,3.877,3.864,3.86,3.983,4.047,4.111,4.256,
Saint-Martin (fr),3.63,3.603,3.57,3.546,3.525,3.527,3.542,3.569,3.602,3.652,3.718,3.72,3.847,4.068,3.862,4.257,4.345,4.747,4.176,4.661,4.788,4.911,5.101,
Maroc,6.432,6.365,6.318,6.276,6.259,6.177,6.13,6.068,6.018,5.987,5.966,5.91,5.86,5.796,5.741,5.705,5.674,5.642,5.637,5.658,6.073,6.17,5.766,
Monaco,,,,,15.9,,,,,,,,,,,7.6,7.9,,6.6,,,,,
Moldova,12.993,12.897,13.042,12.803,12.529,12.501,12.417,12.21,12.033,12.093,12.582,13.074,13.443,13.8,14.166,14.133,13.54,13.088,13.339,13.089,14.445,16.36,16.609,
Madagascar,10.385,9.986,9.748,9.407,9.062,8.831,8.476,8.257,8.066,7.801,7.713,7.427,7.38,7.201,7.076,7.049,6.81,6.79,6.736,6.518,6.801,7.104,6.799,
Maldives,4.458,4.087,3.82,3.688,3.984,3.724,3.74,3.622,3.387,3.258,3.112,3.004,2.873,2.793,2.718,2.718,2.738,2.784,2.828,2.858,3.001,3.02,2.777,
Mexique,4.997,4.962,4.946,4.96,5.001,5.078,5.177,5.302,5.426,5.533,5.594,5.597,5.642,5.696,5.805,6.007,6.305,6.615,6.856,6.931,9.33,9.406,6.705,
Îles Marshall,6.388,6.28,6.3,6.348,6.433,6.544,6.643,6.744,6.831,6.86,6.876,6.848,6.859,6.906,6.94,6.975,7.021,7.097,7.187,7.29,7.425,7.556,7.919,
Macédoine du Nord,8.5,8.3,8.9,8.9,8.8,9.0,9.1,9.6,9.3,9.3,9.3,9.5,9.8,9.3,9.5,9.9,9.853364793075,9.8,9.5,9.8,12.4,15.5,12.3,
Mali,15.984,15.487,14.888,14.435,14.006,13.669,13.233,12.929,12.609,12.189,11.812,11.498,11.21,10.936,10.548,10.211,9.927,9.637,9.419,9.205,9.529,9.274,8.951,
Malte,7.5,7.4,7.6,7.9,7.5,7.8,7.9,7.6,7.9,7.8,7.3,7.8,8.1,7.6,7.5,7.7,7.3,7.6,7.6,7.3,7.9,8.0,8.0,
Myanmar,9.995,9.943,9.876,9.812,9.736,9.628,9.562,9.409,12.149,9.193,9.214,9.026,9.023,8.799,8.804,8.673,8.753,8.808,8.622,8.692,8.819,9.769,8.749,
Monténégro,9.0,8.9,9.0,9.3,9.3,9.5,9.7,9.7,9.3,9.5,9.1,9.4,9.5,9.5,9.7,10.2,10.4,10.5,10.5,10.6,11.7,14.8,11.5,
Mongolie,7.359,7.238,7.229,7.005,6.869,6.992,6.875,6.843,6.817,6.808,6.729,6.741,6.514,6.393,6.276,6.158,6.075,5.994,5.663,5.499,5.475,6.131,5.479,
Mariannes,,,,,,,,,,,,,,,4.3,,,,,4.0,,,,
Mozambique,15.677,15.181,14.731,14.434,14.073,13.753,13.399,12.93,12.536,12.149,11.902,11.473,10.995,10.492,10.005,9.506,9.049,8.69,8.337,8.04,8.004,8.793,8.611,
Mauritanie,8.856,8.766,8.704,8.645,8.534,8.512,8.418,8.275,8.204,8.241,8.327,8.454,8.581,8.652,8.301,7.979,7.707,7.446,7.248,7.003,7.466,7.44,7.203,
Maurice,6.7,6.7,6.9,7.0,6.9,7.0,7.4,6.9,7.2,7.4,7.3,7.3,7.4,7.5,7.7,7.7,8.1,8.0,8.5,8.8,8.7,10.5,10.2,
Malawi,19.559,18.588,17.66,16.573,15.541,14.633,13.951,13.496,12.96,12.183,11.412,10.608,9.783,9.081,8.376,8.005,7.541,7.149,6.955,6.611,6.706,6.983,6.934,
Malaisie,4.584,4.435,4.43,4.43,4.488,4.516,4.603,4.705,4.817,4.96,5.009,4.928,4.909,4.945,4.981,5.096,5.109,5.132,5.175,5.253,5.311,6.034,5.443,
Namibie,12.718,13.129,13.12,13.241,13.199,12.954,12.537,12.046,11.61,11.249,11.062,10.861,10.372,9.91,9.427,9.077,8.686,8.47,8.403,8.248,8.475,10.709,11.457,
Nouvelle-Calédonie,5.1,5.2,5.1,5.0,4.9,4.9,4.7,5.0,4.8,5.1,4.8,5.2,5.1,5.2,5.2,5.4,5.8,5.7,5.7,6.0,5.7,7.3,7.1,
Niger,17.431,16.912,16.272,15.543,14.683,13.922,13.174,12.477,11.812,11.206,10.589,10.145,9.718,9.346,9.016,8.799,8.512,8.239,8.061,7.824,8.281,8.141,7.834,
Nigéria,17.464,17.158,16.919,16.541,16.271,15.883,15.561,15.322,15.161,14.82,14.628,14.336,14.193,14.004,13.892,13.803,13.638,13.435,13.239,12.989,12.997,13.083,12.431,
Nicaragua,5.547,5.615,5.699,5.758,5.748,5.614,5.357,5.105,4.808,4.598,4.491,4.444,4.47,4.535,4.597,4.635,4.633,4.619,4.605,4.626,5.703,4.859,4.655,
Pays-Bas,8.8,8.7,8.8,8.7,8.4,8.4,8.3,8.1,8.2,8.1,8.2,8.1,8.4,8.4,8.3,8.7,8.7,8.8,8.9,8.8,9.7,9.8,9.6,
Norvège,9.8,9.7,9.8,9.3,9.0,8.9,8.9,8.9,8.7,8.6,8.5,8.4,8.4,8.1,7.9,7.8,7.8,7.7,7.7,7.6,7.5,7.8,8.4,
Népal,8.294,7.949,7.954,7.587,7.359,7.132,7.014,6.893,6.943,6.897,6.987,6.891,6.961,6.887,6.981,7.376,6.93,6.971,7.041,6.871,7.209,7.776,6.651,
Nauru,8.238,8.442,8.429,8.425,8.523,8.569,8.555,8.581,8.515,8.436,8.214,7.916,7.646,7.392,7.13,6.933,6.76,6.65,6.566,6.48,6.602,6.633,6.582,
Nouvelle-Zélande,6.91,7.16,7.1,6.95,6.95,6.54,6.75,6.75,6.85,6.73,6.53,6.86,6.82,6.65,6.87,6.85,6.61,6.92,6.78,6.87,6.41,6.83,7.53,
Oman,3.156,3.063,3.041,2.959,2.896,2.914,2.928,2.976,2.973,2.991,2.585,2.457,2.323,2.278,2.243,2.205,2.154,2.155,2.172,2.205,3.025,3.796,3.279,
Pakistan,8.77,8.583,8.454,8.311,8.177,8.402,7.831,7.798,7.733,7.703,7.599,7.524,7.479,7.333,7.274,7.097,7.036,6.89,6.843,6.765,7.06,7.168,7.021,
Panama,4.768,4.694,4.626,4.569,4.541,4.526,4.547,4.586,4.651,4.701,4.755,4.789,4.818,4.835,4.856,4.875,4.904,4.947,5.013,5.12,5.747,6.067,5.904,
Pérou,5.782,5.72,5.707,5.747,5.838,5.98,6.177,6.416,6.605,6.801,6.895,6.864,6.791,6.681,6.612,6.438,6.318,6.173,6.103,6.006,7.327,7.988,7.505,
Philippines,5.729,5.689,5.621,5.576,5.556,5.513,5.548,5.529,5.559,5.602,5.636,5.668,5.681,5.756,5.704,5.736,5.695,5.665,5.631,5.609,5.566,7.311,5.568,
Palaos,6.5,7.0,6.7,6.7,6.9,6.7,7.2,7.5,8.4,8.5,8.1,8.3,9.4,10.9,9.5,7.7,9.9,10.3,7.8,10.2,8.4,9.7,11.4,
Papouasie-Nouvelle-Guinée,7.471,7.473,7.54,7.524,7.559,7.563,7.532,7.501,7.287,7.215,7.134,6.951,6.891,6.825,6.734,6.585,6.57,6.508,6.532,6.468,6.402,6.683,6.459,
Pologne,9.6,9.5,9.4,9.6,9.5,9.6,9.7,9.9,10.0,10.1,9.9,9.9,10.1,10.2,9.9,10.4,10.2,10.6,10.9,10.8,12.6,13.8,12.2,
Porto Rico,7.48,7.5,7.28,7.31,7.46,7.6,7.29,7.44,7.61,7.78,7.833,8.0,8.1,8.1,8.5,8.084,8.86,9.222,9.063,9.194,10.131,10.2,11.0,
"Corée, République démocratique de",10.763,10.97,11.138,7.899,8.189,8.501,8.843,9.148,9.338,8.95,8.71,8.609,8.468,8.305,8.183,8.088,8.327,8.502,8.721,8.878,9.078,9.313,9.353,
Portugal,10.2,10.1,10.2,10.4,9.7,10.2,9.7,9.8,9.9,9.9,10.0,9.7,10.2,10.2,10.1,10.5,10.7,10.7,11.0,10.9,12.0,12.0,11.9,
Paraguay,5.621,5.593,5.585,5.536,5.539,5.6,5.584,5.545,5.529,5.525,5.517,5.506,5.464,5.436,5.481,5.446,5.398,5.445,5.569,5.636,5.916,7.638,7.437,
Polynésie française,2.284,2.322,2.393,2.482,2.588,2.696,2.791,2.849,2.839,2.842,2.84,2.832,2.848,2.887,2.952,3.037,3.126,3.219,3.31,3.391,3.859,5.376,3.64,
Qatar,2.278,2.184,2.173,2.159,2.077,2.073,1.869,1.673,1.517,1.38,1.263,1.188,1.156,1.136,1.102,1.032,0.991,0.985,0.982,0.991,1.219,1.311,1.08,
Roumanie,11.4,11.7,12.4,12.4,12.1,12.3,12.2,12.1,12.3,12.6,12.8,12.5,12.7,12.4,12.8,13.2,13.1,13.4,13.6,13.4,15.5,17.5,14.3,
Fédération de Russie,15.3,15.6,16.2,16.4,15.9,16.1,15.1,14.6,14.5,14.1,14.2,13.5,13.3,13.0,13.1,13.0,12.9,12.4,12.5,12.3,14.6,16.7,12.9,
Rwanda,15.774,14.833,13.926,12.791,11.546,10.546,9.803,9.186,8.64,8.284,8.068,7.814,7.604,7.285,6.953,6.724,6.49,6.367,6.227,6.137,5.998,6.28,5.847,
Arabie saoudite,3.482,3.323,3.207,3.113,2.966,2.879,2.797,2.719,2.643,2.59,2.498,2.413,2.415,2.443,2.488,2.542,2.605,2.64,2.655,2.656,2.913,2.864,2.752,
Soudan,9.699,9.56,9.34,9.677,10.325,10.065,8.705,8.319,8.381,7.787,7.648,7.541,7.312,7.36,7.143,7.012,6.974,6.728,6.647,6.586,6.67,6.799,6.677,
Sénégal,11.181,10.815,10.423,9.932,9.444,8.99,8.577,8.178,7.831,7.514,7.19,6.894,6.78,6.503,6.318,6.109,5.84,5.721,5.579,5.409,5.584,5.922,5.548,
Singapour,4.5,4.3,4.4,4.5,4.4,4.4,4.4,4.5,4.4,4.3,4.4,4.5,4.5,4.6,4.7,4.8,4.8,5.0,5.0,5.0,5.2,5.8,6.3,
Îles Salomon,5.939,5.92,5.899,5.884,5.854,5.829,5.797,5.863,5.714,5.713,5.614,5.544,5.468,5.421,5.407,5.26,5.176,5.11,5.052,4.989,5.082,5.028,4.888,
Sierra Leone,19.794,19.248,18.67,18.104,17.491,16.89,16.096,15.345,14.546,13.805,13.089,12.481,11.939,11.372,11.219,10.712,10.046,9.88,9.308,9.065,9.296,9.113,8.909,
El Salvador,5.876,6.119,6.046,6.268,6.408,6.599,6.705,6.814,6.74,6.75,6.758,6.892,7.038,7.149,7.168,7.07,6.925,6.857,6.938,7.451,8.442,8.661,8.173,
Saint-Marin,,,,,6.3,7.3,7.5,7.2,6.0,6.3,6.5,6.8,7.1,7.5,7.7,7.1,7.6,8.2,7.1,7.2,9.9,9.1,7.8,
Somalie,15.778,15.702,15.684,15.712,15.711,15.593,15.566,15.542,15.096,14.591,15.358,14.856,13.568,13.129,12.81,12.447,12.275,11.891,11.444,11.041,11.39,11.596,11.012,
Serbie,13.8,13.2,13.7,13.9,14.0,14.3,13.88,13.92,13.97,14.2,14.2,14.2,14.2,14.0,14.2,14.6,14.3,14.8,14.6,14.6,16.9,20.0,16.2,
Soudan du Sud,18.587,17.833,17.226,15.309,14.651,14.028,13.533,12.916,12.465,12.221,11.68,11.6,11.104,11.136,11.493,11.072,11.01,11.01,10.584,10.531,10.759,11.05,10.745,
Sao Tomé-et-Principe,9.334,9.101,8.817,8.483,8.151,8.083,7.699,7.477,7.26,7.169,7.055,7.145,6.775,6.552,6.345,6.198,6.123,5.863,5.879,5.876,6.294,6.387,5.838,
Suriname,7.801,8.084,8.351,8.64,8.494,8.209,7.954,7.69,7.452,7.197,7.109,7.217,7.418,7.582,7.646,7.215,6.941,6.672,6.753,7.06,7.036,8.667,8.637,
République slovaque,9.8,9.7,9.6,9.7,9.7,10.0,9.9,10.0,9.9,9.8,9.9,9.6,9.7,9.6,9.5,9.9,9.6,9.9,10.0,9.8,10.8,13.5,11.0,
Slovénie,9.3,9.3,9.4,9.7,9.3,9.4,9.1,9.2,9.1,9.2,9.1,9.1,9.4,9.4,9.2,9.6,9.5,9.9,9.9,9.9,11.4,11.0,10.6,
Suède,10.5,10.5,10.6,10.4,10.1,10.2,10.0,10.0,9.9,9.7,9.6,9.5,9.7,9.4,9.2,9.3,9.2,9.1,9.1,8.6,9.5,8.8,9.0,
Eswatini,14.521,15.449,16.588,17.578,18.372,18.845,18.174,17.861,17.525,17.283,15.911,14.926,13.946,13.019,12.193,11.202,10.45,9.936,9.324,8.923,9.603,11.356,11.883,
Sint Maarten (Dutch part),3.745,3.829,3.791,4.106,4.171,3.4,3.6,3.2,3.8,3.1,4.1,5.1,5.4,4.7,4.7,5.4,4.1,4.2,4.0,4.7,5.5,5.6,6.0,
Seychelles,6.8,6.8,7.7,8.1,7.2,8.1,7.8,7.4,7.6,7.8,7.4,7.9,7.4,8.0,7.9,7.5,7.9,7.8,8.4,8.1,6.8,9.3,7.8,
République arabe syrienne,4.413,4.157,4.091,3.971,3.986,3.924,3.775,3.67,3.721,3.678,3.701,3.934,6.417,7.696,8.072,7.297,6.999,6.033,5.554,5.033,4.99,5.117,5.047,
Îles Turques-et-Caïques,4.463,4.384,3.978,4.095,3.763,3.802,4.108,4.67,4.687,4.849,5.592,6.047,6.157,6.408,6.559,6.833,7.083,7.328,7.651,8.458,8.823,9.241,9.04,
Tchad,18.088,17.695,17.441,17.118,16.982,16.827,16.707,16.301,16.007,15.765,15.421,15.056,14.634,14.373,14.022,13.693,13.291,13.043,12.671,12.369,12.486,12.504,12.157,
Togo,11.898,11.8,11.526,11.316,11.304,11.071,10.919,10.775,10.663,10.488,10.326,9.98,9.866,9.537,9.438,9.165,9.092,8.803,8.766,8.465,8.417,8.168,8.213,
Thaïlande,6.043,6.088,6.138,6.23,6.419,6.323,6.033,6.122,6.189,6.236,6.307,6.393,6.464,6.547,6.627,6.724,6.814,6.897,7.027,7.14,7.264,7.922,7.487,
Tadjikistan,7.54,7.161,6.795,6.476,6.289,6.116,5.958,5.936,5.816,5.75,5.934,5.808,5.7,5.563,5.512,5.43,5.325,5.172,5.014,4.843,6.121,4.548,4.695,
Turkménistan,6.949,6.932,6.88,6.797,6.741,6.869,6.769,6.691,6.562,6.418,6.377,6.356,6.379,6.447,6.567,6.53,6.574,6.537,6.639,6.583,6.836,6.585,6.585,
Timor-Leste,10.187,9.884,9.604,9.342,9.065,8.796,8.504,8.274,8.096,7.987,7.951,7.895,7.747,7.644,7.579,7.549,7.343,7.163,7.012,6.888,6.831,7.233,6.535,
Tonga,6.759,6.737,6.698,6.68,6.648,6.648,6.627,6.588,6.581,6.684,6.605,6.624,6.636,6.686,6.744,6.782,6.817,6.855,6.888,6.909,6.946,6.97,6.885,
Trinité-et-Tobago,6.98,6.809,6.505,7.048,6.493,6.543,6.744,6.717,6.983,6.316,6.708,6.618,6.596,6.662,6.739,6.797,7.134,7.386,7.783,7.701,7.9,9.131,8.097,
Tunisie,4.773,4.847,4.863,4.884,4.939,4.937,5.007,5.076,5.169,5.271,5.329,5.441,5.519,5.591,5.715,5.811,5.883,5.974,6.04,6.145,6.752,7.884,7.601,
Turquie,5.616,5.551,5.464,5.413,5.367,5.35,5.33,5.288,5.292,5.269,5.251,5.44,5.205,5.04,5.046,5.125,5.234,5.129,5.065,5.084,6.378,6.398,5.101,
Tuvalu,10.043,10.034,10.007,9.969,9.957,9.902,9.892,9.915,9.935,9.973,9.988,10.021,10.055,10.046,10.098,10.126,10.111,10.082,10.107,10.161,10.188,10.159,10.103,
Tanzanie,13.251,12.731,12.277,11.682,11.275,10.879,10.522,10.154,9.825,9.41,8.88,8.435,7.992,7.615,7.252,6.959,6.65,6.402,6.177,6.012,6.179,6.222,5.959,
Ouganda,15.297,14.677,14.083,13.434,12.571,11.637,10.77,10.157,9.687,9.229,8.832,8.319,7.843,7.35,6.99,6.648,6.368,6.169,5.939,5.823,5.852,5.877,5.579,
Ukraine,15.4,15.3,15.7,16.0,16.0,16.6,16.2,16.4,16.3,15.3,15.2,14.5,14.5,14.6,14.7,14.9,14.7,14.5,14.8,14.7,15.9,18.5,21.4,
Uruguay,9.124,9.103,9.101,9.111,9.133,9.166,9.206,9.249,9.29,9.332,9.369,9.402,9.434,9.468,9.508,9.559,9.628,9.724,9.863,10.057,9.432,12.162,9.879,
États-Unis,8.5,8.5,8.5,8.4,8.2,8.3,8.1,8.0,8.1,7.9,7.995,8.073,8.102,8.215,8.237,8.44,8.493,8.638,8.678,8.697,10.27,10.4,9.8,
Ouzbékistan,5.5,5.3,5.4,5.3,5.0,5.4,5.3,5.1,5.1,4.8,4.8,4.9,4.9,4.8,4.9,4.9,4.9,5.0,4.7,4.6,5.1,5.0,4.8,
Saint-Vincent-et-les Grenadines,7.056,6.848,6.801,6.858,6.649,6.555,6.47,6.319,6.337,6.526,6.916,7.187,7.654,7.98,7.858,8.105,8.385,8.592,8.906,10.1,11.038,13.425,14.004,
Venezuela,4.964,5.557,5.01,5.384,5.217,5.189,5.289,5.242,5.6,5.62,5.568,5.649,5.683,5.711,5.971,5.996,6.574,6.735,6.864,7.017,7.575,8.124,8.1,
Îles Vierges (EU),6.0,5.6,5.7,5.8,5.8,6.1,5.8,6.7,6.7,6.6,6.6,6.6,6.7,6.9,7.1,7.3,7.5,7.7,7.9,8.2,8.4,8.6,8.8,
Viet Nam,5.755,5.769,5.8,5.812,5.835,5.865,5.927,5.966,6.066,6.117,6.193,6.195,6.275,6.327,6.373,6.444,6.495,6.577,6.663,6.706,6.169,7.317,6.831,
Vanuatu,5.512,5.642,5.645,5.673,5.718,5.751,5.793,5.832,5.876,5.93,6.056,6.061,6.072,6.041,6.048,6.001,5.921,5.829,5.739,5.663,5.487,5.395,5.312,
Samoa,5.138,5.08,5.035,5.057,5.088,5.171,5.169,5.221,5.238,6.066,5.275,5.308,5.372,5.299,5.285,5.281,5.29,5.29,5.297,5.5,5.305,5.343,5.45,
"Yémen, Rép. du",7.94,7.565,7.203,6.898,6.662,6.413,6.208,5.954,5.77,5.651,5.602,5.554,5.582,5.507,5.566,6.137,6.052,6.082,6.629,6.416,6.509,6.845,6.824,
Afrique du Sud,10.174,10.871,11.784,12.657,12.947,13.177,13.234,12.973,12.543,11.947,11.257,10.592,9.993,9.77,9.432,9.259,8.924,8.802,8.765,8.614,9.425,11.432,12.032,
Zambie,16.876,16.145,15.292,14.32,13.45,12.659,11.933,11.351,10.67,9.961,9.219,8.763,8.267,7.788,7.408,7.196,6.941,6.809,6.748,6.571,6.602,6.973,6.716,
Zimbabwe,16.801,19.048,16.953,17.805,16.989,16.82,16.436,16.27,15.604,14.804,13.281,11.857,10.691,9.787,9.123,8.774,8.441,8.266,7.972,8.043,8.132,9.057,8.943,
